<?xml version="1.0" encoding="UTF-8"?>
<project-private xmlns="http://www.netbeans.org/ns/project-private/1">
    <editor-bookmarks xmlns="http://www.netbeans.org/ns/editor-bookmarks/2" lastBookmarkId="0"/>
    <open-files xmlns="http://www.netbeans.org/ns/projectui-open-files/2">
        <group>
            <file>file:/home/yiannis/NetBeansProjects/JavaApplication2/src/InterpolationApp/Point.java</file>
            <file>file:/home/yiannis/NetBeansProjects/JavaApplication2/src/InterpolationApp/Matrix.java</file>
            <file>file:/home/yiannis/NetBeansProjects/JavaApplication2/src/InterpolationApp/InterpolateMatrix.java</file>
            <file>file:/home/yiannis/NetBeansProjects/JavaApplication2/src/InterpolationApp/Rows.java</file>
            <file>file:/home/yiannis/NetBeansProjects/JavaApplication2/src/InterpolationApp/InterpolationEngine.java</file>
            <file>file:/home/yiannis/NetBeansProjects/JavaApplication2/src/InterpolationApp/Columns.java</file>
        </group>
    </open-files>
</project-private>
